{"cameraMode":{"drawMode":0,"name":"Shaded","section":"Shading Mode"},"sceneLighting":true,"audioPlay":false,"sceneViewState":{"m_AlwaysRefresh":false,"showFog":true,"showSkybox":true,"showFlares":true,"showImageEffects":true,"showParticleSystems":true,"showVisualEffectGraphs":true,"m_FxEnabled":true},"in2DMode":false,"pivot":{"x":126.72135162353516,"y":304.44854736328127,"z":-138.39227294921876},"rotation":{"x":-0.10363877564668656,"y":-0.0015211589634418488,"z":-0.00003254941839259118,"w":-0.9947446584701538},"size":3.1945600509643556,"orthographic":false}